id,mutation,required_behaviour,suites,Locus,Accord,Cadence,Concord,Facet,Meridian,Noema,Prism,Vantage
M1,Omit the inclusive endpoint of a finite reindexing,Coverage fails at the endpoint; the advertised method is not silently replaced by another proof,8,T01,A1,r4,r1,T4,F1,,N1,V18
M2,Use a non-injective index map as a bijection,"Reject, or switch visibly to a multiplicity-aware theorem",2,T02,A2,,,,,,,
M3,Apply the finite reindexing method to an infinite sum,Require the summability or rearrangement contract,2,T03,A3,,,,,,,
M4,Replace neighbourhood equality by equality at one point before differentiating,Derivative transfer stays open naming the missing eventual equality; no global smoothness is added,9,T04,A16,r8,r5,T5,A3,r2,N6,V17
M5,Exchange a limit and an integral from pointwise convergence alone,The analytic theorem's hypotheses remain explicit obligations,2,T05,,,,,,,,V19
M6,"Cancel a nonzero non-unit, or use a power certificate, in a ring with zero divisors",Require unit or regularity evidence; do not strengthen the ring,5,T06,,,r8,T6,V3,,,V11
M7,"Cancel a denominator that can vanish, or evaluate a cancelled expression at the excluded point","Keep the guard, split cases, or return a piecewise result; never publish the unconditional equality",8,T07,A6,r1,,T1,D1,r1,N4,V10
M8,Forget the domain of a partial function after normalizing it,Extension is a new object with its own agreement theorem,2,T08,,,,,D2,,,
M9,Return the negative radical candidate with the correct square,Reject the principal-root specification despite identical squares,8,T09,A9,r3,r6,T9,,r9,N11,V12
M10,Return the formal root with the wrong constant coefficient,Reject the branch condition of the root specification,1,T10,,,,,,,,
M11,Request a coefficient beyond the certified precision of a jet,Expose the failed index bound; recompute or refine,3,T11,A13,,,,,,,V6
M12,Differentiate a jet and keep its input precision,Lower the output order or request one more input coefficient,7,T12,,r7,r4,T8,,r3,N8,V7
M13,Read a formal identity or jet as an analytic statement,"Require a convergence, realization, or remainder theorem",6,T13,A15,,,T15,,r5,N9,V9
M14,Promote finitely many agreeing coefficients to a series identity or a universal formula,Retain only the finite statement; the universal claim stays open,5,,A12,r6,,T7,F2,r4,,
M15,"Present verified roots as the complete solution set, or omit a root",Soundness may pass; completeness or coverage must fail,9,T14,A10,r2,r7,T10,C2,r10,N10,V13
M16,"Reuse a branch-local fact in a sibling branch, possibly through a cache",Reject the context embedding regardless of printed similarity,6,T15,A19,,,T14,,r11,N14,V5
M17,Deliver a valid result after undo or an origin change,Mark it stale; it cannot mutate the current state,8,T19,A23,r10,r10,T14,,r11,N14,V23
M18,Change an instance or definition while the printed statement is unchanged,Invalidate the seal and display the semantic change,4,T16,,,,,P3,r18,N18,
M19,Import a second package with a conflicting convention or method name,Explicit selection; no silent shadowing,2,,A25,r14,,,,,,
M20,Let proof search instantiate a meaning-bearing statement hole,Keep the statement unresolved or request a visible source change,1,T17,,,,,,,,
M21,Cache or display suggested tactic text that differs from the tactic that was probed,Replay the exact displayed edit from the same origin before calling it verified,8,T18,A22,r11,r10,,L2,r15,N19,V21
M22,Treat a reduction in visible goals as theorem completion,Report local progress; completion needs the root term,2,T20,,,,,,,,V22
M23,"Admit an unapproved axiom transitively, or forge an evidence tag",Fail the publication policy even if the term typechecks,5,T21,A24,,,,P2,r17,N20,
M24,"Accept a verified algorithm's native output without checked execution, or alter one returned coefficient",The algorithm theorem alone is insufficient for that output,2,,,,,T13,,,,V25
M25,Insert a false but unused intermediate assertion,Reject the document even if the final theorem has another proof,8,T22,A20,r12,,T11,P1,r16,N16,V20
M26,Add a constructor to a datatype handled by a structural plan,Recompute coverage; do not reuse the stale constructor list,1,T23,,,,,,,,
M27,"Present search exhaustion, a timeout, or a missing status field as a refutation",Return a non-logical outcome unless a negation is checked at the original target,8,T24,A21,r13,,T12,L3,r14,N15,V24
M28,Supply a finite behavioral test for a universal specification,Retain the finite fact; the universal obligation stays open,1,T25,,,,,,,,
M29,Introduce a competing representation route,"Preserve the selected route, request a choice, or apply a checked coherence theorem",3,T26,,,,,V2,,,V4
M30,"Reflect an equality back along a non-injective map (modulo two, or evaluation over a finite field)",Require reflection evidence; a homomorphism alone is insufficient,3,,,,,"T2,T3",,r13,,V3
M31,Retrieve the benchmark target through an alias,The run is invalid under the declared dependency exclusion,2,T27,,,,,,,,V26
M32,Commit incompatible shared data assignments from sibling obligations,Reject the transaction and restore the origin,3,T28,A18,,,,L4,,,
M33,Transport natural subtraction or natural division to a ring or field without its guard,Expose the order or divisibility obligation; the natural value is not the field value,5,,"A4,A5",,,,V1,r6,"N2,N3","V1,V2"
M34,"Corrupt one coefficient of a certificate (membership witness, recurrence, Sturm remainder)",The checker rejects it regardless of the producer's report,4,,A8,,r3,,A1,,,V14
M35,Strengthen an additive group or rational algebra to a field to make a normalizer applicable,"A statement change, never a proof improvement",4,,,r5,r2,,,r7,N12,
M36,Replace an arbitrary solution of a functional equation by the canonical construction,"Require an equality or uniqueness bridge, or keep the arbitrary object",3,,A17,,,,,r8,N13,
M37,Feed a noncommutative expression to a commutative normalizer,Reject the missing algebraic capability,1,,A7,,,,,,,
M38,"Display an enclosure as an exact decimal, or infer a sign from an interval containing zero",The certificate stores exact bounds; a zero-containing interval is inconclusive,5,,A26,r9,r9,,C3,,,V16
M39,Solve a parameterized equation without its singular branch,Report a conditional answer or require branch coverage,3,,,r1,,,D3,,,V15
M40,Label multiplied-back factors as irreducible,Irreducibility needs separate evidence,1,,,,,,C1,,,
M41,Use a membership witness with rational coefficients for an integer ideal,Reject the coefficient-domain mismatch,1,,,,,,C4,,,
M42,Acknowledge a semantic notice and treat it as discharging a guard,A notice records a convention; it never discharges an obligation,1,,,,,,,,N17,
M43,Use a result to establish the guard that justifies it,Reject cyclic or ill-scoped assembly,1,,,,,,,r12,,
M44,Bind a provider's expression to the wrong origin because names coincide,Reject the typed origin binding,1,,,,,,L1,,,
M45,"Remove an analytic hypothesis such as the non-pole condition, or use a rational form at its pole",Expose the unresolved requirement; the header must not strengthen itself,2,,,,,,A2,,N7,
M46,Substitute a series with nonzero constant term into the simple composition rule,Generate the admissibility obligation or use a stronger precision theorem,2,,A14,,,,,,,V8
M47,"Use a conditional result unconditionally, or exchange dependent witness quantifiers",Reject the scope or dependency change,1,,,,,T16,,,,
M48,Force an already-short corollary into a longer narrative,New syntax must not add declarations or explanation,1,,,,r11,,,,,
M49,Multiply a strict inequality by a merely nonnegative factor,Require strict positivity or handle the zero case,1,,,,,,,,N5,
M50,Infer equality of algebraic numbers from a shared defining polynomial,Require matching root identity or isolation evidence,1,,A11,,,,,,,
M51,Specialize a guarded generic computation at a value where the guard fails,Reinstantiate the guard and locate its origin,1,,,,,,D4,,,
